{
  "run_id": "20260609_031155_baseline_cnv2t_f0_d3bb42a7e3",
  "best_epoch": 4,
  "freuid": 0.0005,
  "audet": 0.00014,
  "apcer_at_1pct_bpcer": 0.00085,
  "roc_auc": 0.99986,
  "elapsed_min": 133.6
}