{
  "run_id": "20260610_082213_hires512_f0_880aa227a7",
  "best_epoch": 2,
  "sel": -0.00893,
  "freuid": 0.00012,
  "audet": 7e-05,
  "apcer_at_1pct_bpcer": 0.00017,
  "roc_auc": 0.99993,
  "elapsed_min": 227.3
}