{
  "run_id": "20260611_152921_m_512_f1_ea947ea89a",
  "best_epoch": 2,
  "sel": -0.00866,
  "freuid": 9e-05,
  "audet": 0.0,
  "apcer_at_1pct_bpcer": 0.00017,
  "roc_auc": 1.0,
  "elapsed_min": 222.2
}