{
  "run_id": "20260610_120934_hires448_f1_cf6191f8f8",
  "best_epoch": 2,
  "sel": -0.00846,
  "freuid": 0.00011,
  "audet": 4e-05,
  "apcer_at_1pct_bpcer": 0.00017,
  "roc_auc": 0.99996,
  "elapsed_min": 177.6
}