{
  "run_id": "20260611_102059_m_384_f4_226e14b04f",
  "best_epoch": 3,
  "sel": 0.12232,
  "freuid": 0.13053,
  "audet": 0.0785,
  "apcer_at_1pct_bpcer": 0.177,
  "roc_auc": 0.9215,
  "elapsed_min": 134.5
}