{
  "run_id": "20260611_203014_dino_fullimg_f0_53220db0c9",
  "best_epoch": 3,
  "sel": 0.18152,
  "freuid": 0.18155,
  "audet": 0.08152,
  "apcer_at_1pct_bpcer": 0.26193,
  "roc_auc": 0.91848,
  "elapsed_min": 85.4
}