{
  "run_id": "20260611_123537_m_448_f3_787b7e01d4",
  "best_epoch": 0,
  "sel": -0.00386,
  "freuid": 0.00328,
  "audet": 0.00075,
  "apcer_at_1pct_bpcer": 0.0058,
  "roc_auc": 0.99925,
  "elapsed_min": 173.6
}