{
  "run_id": "20260609_205220_phead_f0_2df3ccdb3a",
  "best_epoch": 36,
  "freuid": 0.00039,
  "audet": 0.0001,
  "apcer_at_1pct_bpcer": 0.00068,
  "roc_auc": 0.9999,
  "elapsed_min": 0.5
}