{
  "run_id": "20260610_045846_baseline_hires_f0_636f2d98b8",
  "best_epoch": 1,
  "freuid": 0.00014,
  "audet": 0.00011,
  "apcer_at_1pct_bpcer": 0.00017,
  "roc_auc": 0.99989,
  "elapsed_min": 176.8
}