{
  "run_id": "20260612_072538_clip_lora_f0_3ba1824daf",
  "best_epoch": 2,
  "sel": 0.00011,
  "freuid": 0.00013,
  "audet": 8e-05,
  "apcer_at_1pct_bpcer": 0.00017,
  "roc_auc": 0.99992,
  "elapsed_min": 158.2
}